RT1,"The Fir Tree Inn - Union Street"
RT2,"Union Street - Bath Bus Station"
RT3,"Bath Bus Station - Union Street"
RT4,"Union Street - The Fir Tree Inn"
RT5,"Peacocks - Bus Station"
RT6,"Bus Station - Bath Bus Station"
RT7,"Bristol Parkway Station - Bath Bus Station"
RT8,"Bath Bus Station - Bus Station"
RT9,"Bus Station - Kings Chase Centre"
RT10,"Bus Station - Wells Bus Station"
RT11,"Wells Bus Station - Bus Station"
RT12,"Bus Station - Wells Bus Station"
RT13,"Bus Station - Green Lane Avenue"
RT14,"Green Lane Avenue - Bus Station"
RT15,"Wells Bus Station - Bus Station"
RT16,"Bus Station - The Link"
RT17,"Bus Station - Bus Station"
RT18,"War Memorial - Aspects Leisure Centre"
RT19,"The Boot - Aspects Leisure Centre"
RT20,"Aspects Leisure Centre - The Boot"
RT21,"Aspects Leisure Centre - War Memorial"
RT22,"Station Approach - Bus Station"
RT23,"Bus Station - Station Approach"
RT24,"Station Approach - Bus Station"
RT25,"The Barrows - Bus Station"
RT26,"Bath Bus Station - Bus Station"
RT27,"Bus Station - Ashton Way"
RT28,"Bristol Parkway Station - Ashton Way"
RT29,"Yate Shopping Centre - Aspects Leisure Centre"
RT30,"Aspects Leisure Centre - War Memorial"
RT31,"War Memorial - The Centre"
RT32,"The Centre - War Memorial"
RT33,"Bus Station - The Centre"
RT34,"Withymead Road - The Centre"
RT35,"The Centre - Bus Station"
RT36,"Bus Station - The Centre"
RT37,"Withymead Road - The Centre"
RT38,"The Centre - Withymead Road"
RT39,"The Centre - Bus Station"
RT40,"Withymead Road - The Centre"
RT41,"The Centre - Bath Bus Station"
RT42,"Bath Bus Station - The Centre"
RT43,"The Centre - Withymead Road"
RT44,"The Centre - Bus Station"
RT45,"Bus Station - The Centre"
RT46,"The Centre - The Clock"
RT47,"Cenotaph - Bus Station"
RT48,"Bus Station - Cenotaph"
RT49,"High Street - Colstons School"
RT50,"Perrycroft Road - Redland Court Road"
RT51,"Colstons School - High Street"
RT52,"Bus Station - Victoria Hall B"
RT53,"The Centre - The Centre"
RT54,"Rock Street - Straits Parade"
RT55,"Straits Parade - The Plain"
RT56,"Rock Street - Straits Parade"
RT57,"The Plain - Straits Parade"
RT58,"Straits Parade - Rock Street"
RT59,"Straits Parade - The Plain"
RT60,"Post Office - The Lamb"
RT61,"The Lamb - Ashton Way"
RT62,"Ashton Way - Bristol Parkway Station"
RT63,"Ashton Way - Bus Station"
RT64,"The Crown - Bristol Parkway Station"
RT65,"Bus Station - Peacocks"
RT66,"Bristol Parkway Station - Peacocks"
RT67,"War Memorial - Kings Chase Centre"
RT68,"The Boot - Kings Chase Centre"
RT69,"The Maypole - The Boot"
RT70,"The Centre - Broadlands School"
RT71,"Broadlands School - Union Street"
RT72,"Union Street - Union Street"
RT73,"Peacocks - Union Street"
RT74,"Union Street - Keynsham Church"
RT75,"Union Street - Brislington Square"
RT76,"Union Street - Union Street"
RT77,"Peacocks - Union Street"
RT78,"Union Street - Westfield Chapel"
RT79,"Msn Town Hall - Union Street"
RT80,"Bus Station - The Link"
RT81,"Bus Station - Bus Station"
RT82,"The Maypole - The Boot"
RT83,"The Maypole - The Boot"
RT84,"The Maypole - The Boot"
RT85,"The Boot - The Maypole"
RT86,"Bedminster Parade - Oxford Street"
RT87,"Bedminster Parade - Bedminster Parade"
RT88,"Oxford Street - Bedminster Parade"
RT89,"Union Street - Bedminster Parade"
RT90,"Bedminster Parade - Bedminster Parade"
RT91,"Yate Shopping Centre - Bus Station"
RT92,"Bus Station - Yate Shopping Centre"
RT93,"Post Office - The Lamb"
RT94,"The Lamb - Ashton Way"
RT95,"The Boot - Kings Chase Centre"
RT96,"The Boot - The Maypole"
RT97,"The Venue - The Centre"
RT98,"Bus Station - The Centre"
RT99,"The Centre - Bus Station"
RT100,"The Centre - The Venue"
RT101,"The Venue - The Centre"
RT102,"The Centre - Bus Station"
RT103,"Bus Station - The Centre"
RT104,"The Centre - Bus Station"
RT105,"Bus Station - The Centre"
RT106,"Salisbury Avenue - Elton Road"
RT107,"Anchor Road - The Huntsman"
RT108,"Bus Station - Yate Shopping Centre"
RT109,"Catbrain Lane - Marlwood School"
RT110,"Marlwood School - Marissal Road"
RT111,"Aspects Leisure Centre - Baldwin Street"
RT112,"Cecil Road - Baldwin Street"
RT113,"Baldwin Street - Aspects Leisure Centre"
RT114,"Hengrove Depot - Bus Station"
RT115,"Bus Station - Hengrove Depot"
RT116,"The Centre - The Centre"
RT117,"Bus Station - The Coots"
RT118,"The Coots - Bus Station"
RT119,"Frenchay Campus - The Centre"
RT120,"The Centre - Bus Station"
RT121,"Bus Station - The Centre"
RT122,"The Centre - Bus Station"
RT123,"The Centre - The Venue"
RT124,"The Venue - The Centre"
RT125,"The Centre - Bus Station"
RT126,"Canon Park - Mecca Bingo"
RT127,"Mecca Bingo - Canon Park"
RT128,"Broad Walk Square - John Cabot Academy"
RT129,"John Cabot Academy - Broad Walk Square"
RT130,"Royate Hill - Oldfield School"
RT131,"Oldfield School - Avon Street"
RT132,"Charlton Road - Hengrove Depot"
RT133,"The Haymarket - Hengrove Depot"
RT134,"Hengrove Depot - Crow Lane Lay-by"
RT135,"Hengrove Depot - Tormarton Crescent"
RT136,"The Centre - The Centre"
RT137,"Gorlands Road - Frenchay Campus"
RT138,"Frenchay Campus - Gorlands Road"
RT139,"Gorlands Road - Frenchay Campus"
RT140,"Marissal Road - The Castle School"
RT141,"Bath Bus Station - Bus Station"
RT142,"Bus Station - Bath Bus Station"
RT143,"Bath Bus Station - Bus Station"
RT144,"Bus Station - Bath Bus Station"
RT145,"Tormarton Crescent - Hengrove Depot"
RT146,"Crow Lane Lay-by - Hengrove Depot"
RT147,"Avon Street - Oldfield School"
RT148,"Oldfield School - Royate Hill"
RT149,"Bath Bus Station - Bus Station"
RT150,"Bus Station - Bath Bus Station"
RT151,"Bath Bus Station - Bus Station"
RT152,"The Globe - Bus Station"
RT153,"The Centre - Atherston"
RT154,"The Centre - Cherry Garden Road"
RT155,"Cherry Garden Road - The Centre"
RT156,"The Centre - The Centre"
RT157,"Hengrove Depot - Lewins Mead"
RT158,"Hengrove Depot - Charlton Road"
RT159,"Bus Station - Bond Street"
RT160,"Bond Street - Bus Station"
RT161,"Bus Station - Bond Street"
RT162,"Bond Street - Bus Station"
RT163,"The Huntsman - Anchor Road"
RT164,"Knole Lane - John Cabot Academy"
RT165,"John Cabot Academy - Knole Lane"
RT166,"Toronto Road - John Cabot Academy"
RT167,"John Cabot Academy - Parkway Tavern"
RT168,"The Centre - Seymour Arms"
RT169,"Seymour Arms - Lewins Mead"
RT170,"Lewins Mead - Axbridge Town Hall"
RT171,"Elton Road - Salisbury Avenue"
RT172,"Union Street - Msn Town Hall"
RT173,"The Centre - Seymour Arms"
RT174,"Seymour Arms - Lewins Mead"
RT175,"Brislington School - Sherrin Way Terminus"
RT176,"Sherrin Way Terminus - Baldwin Street"
RT177,"Baldwin Street - Sherrin Way Terminus"
RT178,"Frenchay Campus - Shirehampton Gr"
RT179,"Frenchay Campus - Dursley Road Terminus"
RT180,"Dursley Road Terminus - Frenchay Campus"
RT181,"Shirehampton Gr - Frenchay Campus"
RT182,"Frenchay Campus - Gorlands Road"
RT183,"The Crown - The Centre"
RT184,"The Coots - The Centre"
RT185,"The Centre - The Coots"
RT186,"The Centre - The Crown"
RT187,"Temple Meads - Sainsburys"
RT188,"Sainsburys - Rupert Street"
RT189,"Rupert Street - Sainsburys"
RT190,"Sainsburys - Rupert Street"
RT191,"Rupert Street - Sainsburys"
RT192,"Sainsburys - AOC Terminus"
RT193,"AOC Terminus - Sainsburys"
RT194,"Sainsburys - AOC Terminus"
RT195,"AOC Terminus - Sainsburys"
RT196,"Sainsburys - AOC Terminus"
RT197,"AOC Terminus - Richmond Road"
RT198,"Bath Bus Station - The Centre"
RT199,"The Centre - Bath Bus Station"
RT200,"Bath Bus Station - Bus Station"
RT201,"Bus Station - Bath Bus Station"
RT202,"Avonmouth Way - MOD"
RT203,"MOD - Mclaren Road"
RT204,"Mclaren Road - Bond Street"
RT205,"Bond Street - Mclaren Road"
RT206,"Smeaton Road - AOC Terminus"
RT207,"AOC Terminus - Sainsburys"
RT208,"Sainsburys - AOC Terminus"
RT209,"AOC Terminus - Sainsburys"
RT210,"Sainsburys - AOC Terminus"
RT211,"AOC Terminus - Richmond Road"
RT212,"Langley Crescent - Muller Road Top"
RT213,"Muller Road Top - Langley Crescent"
RT214,"MOD - Mclaren Road"
RT215,"Mclaren Road - MOD"
RT216,"Carpenters Arms - Filton College"
RT217,"Filton College - Carpenters Arms"
RT218,"The Chipping - Mecca Bingo"
RT219,"Mecca Bingo - The Chipping"
RT220,"Langley Crescent - Muller Road Top"
RT221,"Muller Road Top - Langley Crescent"
RT222,"Woodlands Park - The Centre"
RT223,"The Centre - Woodlands Park"
RT224,"Westbury Village - Govier Way"
RT225,"Govier Way - Bond Street"
RT226,"Bond Street - Govier Way"
RT227,"Govier Way - Westbury Village"
RT228,"Frenchay Campus - The Centre"
RT229,"The Centre - The Centre"
RT230,"The Centre - Frenchay Campus"
RT231,"Yate Shopping Centre - The Centre"
RT232,"The Centre - Yate Shopping Centre"
RT233,"Yate Shopping Centre - The Centre"
RT234,"Bus Station - Whitmore Avenue"
RT235,"Whitmore Avenue - Bus Station"
RT236,"The Centre - Cherry Garden Road"
RT237,"Edward Road - Bus Station"
RT238,"Bus Station - Kings Road"
RT239,"Arnside Road - John Cabot Academy"
RT240,"John Cabot Academy - Arnside Road"
RT241,"Atherston - The Centre"
RT242,"Frenchay Campus - Temple Meads"
RT243,"Temple Meads - Temple Meads"
RT244,"Black Boy Hill - Temple Meads"
RT245,"Temple Meads - Temple Meads"
RT246,"Temple Meads - Frenchay Campus"
RT247,"The Centre - Frenchay Campus"
RT248,"Hengrove Depot - The Centre"
RT249,"The Centre - The Centre"
RT250,"The Centre - Hengrove Depot"
RT251,"Yate Shopping Centre - The Centre"
RT252,"Straits Parade - Longwell Green Asda"
RT253,"Longwell Green Asda - Longwell Green Asda"
RT254,"Longwell Green Asda - Kingsway Shops"
RT255,"Smeaton Road - AOC Terminus"
RT256,"AOC Terminus - Kings Chase Centre"
RT257,"Highgrove Street - Ashton Park School"
RT258,"Ashton Park School - Highgrove Street"
RT259,"Black Boy Hill - John Cabot Academy"
RT260,"John Cabot Academy - Black Boy Hill"
RT261,"The Lamb - AOC Terminus"
RT262,"AOC Terminus - Smeaton Road"
RT263,"The Lamb - AOC Terminus"
RT264,"AOC Terminus - Smeaton Road"
RT265,"The Centre - Cherry Garden Road"
RT266,"Cherry Garden Road - The Centre"
RT267,"Brislington School - Baldwin Street"
RT268,"Baldwin Street - Teewell Hill"
RT269,"Teewell Hill - Baldwin Street"
RT270,"Baldwin Street - Cecil Road"
RT271,"Cecil Road - AOC Terminus"
RT272,"AOC Terminus - Blackmoors Lane"
RT273,"The Centre - Newton Road Shops"
RT274,"Newton Road Shops - The Centre"
RT275,"Redland Court Road - Perrycroft Road"
RT276,"Horfield Sports Cen - St Katherines School"
RT277,"Bus Station - Kings Chase Centre"
RT278,"Bearlands - Mecca Bingo"
RT279,"Mecca Bingo - Bearlands"
RT280,"Hengrove Depot - The Centre"
RT281,"Frenchay Campus - Bond Street"
RT282,"Frenchay Campus - Frenchay Campus"
RT283,"Baldwin Street - Frenchay Campus"
RT284,"Frenchay Campus - Temple Meads"
RT285,"Frenchay Campus - Bower Ashton Campus"
RT286,"Bond Street - Bower Ashton Campus"
RT287,"Bower Ashton Campus - Frenchay Campus"
RT288,"Gordano School - War Memorial"
RT289,"War Memorial - Gordano School"
RT290,"Gordano School - War Memorial"
RT291,"War Memorial - Gordano School"
RT292,"Frenchay Campus - The Centre"
RT293,"The Centre - Frenchay Campus"
RT294,"St Katherines School - Horfield Sports Cen"
RT295,"The Turnpike - Longwell Green Asda"
RT296,"Longwell Green Asda - Straits Parade"
RT297,"Straits Parade - The Ridings School"
RT298,"The Ridings School - Straits Parade"
RT299,"Chepstow Bus Station (1) - Bus Station"
RT300,"Bus Station - Chepstow Bus Station (5)"
RT301,"Chepstow Bus Station (5) - Bus Station"
RT302,"Bus Station - Chepstow Bus Station (1)"
RT303,"Anchor Road - Yate Shopping Centre"
RT304,"Yate Shopping Centre - Anchor Road"
RT305,"Chepstow Bus Station (3) - Bus Station Bay 9"
RT306,"Bus Station Bay 9 - Chepstow Bus Station (4)"
RT307,"Rupert Street - The Horseshoe"
RT308,"The Horseshoe - Rupert Street"
RT309,"Cossham Hospital - Oldfield School"
RT310,"The Centre - Newton Road Shops"
RT311,"Newton Road Shops - The Centre"
RT312,"Bower Ashton Campus - AOC Terminus"
RT313,"Blackmoors Lane - AOC Terminus"
RT314,"AOC Terminus - Bower Ashton Campus"
RT315,"The Centre - Newton Road Shops"
RT316,"Newton Road Shops - The Centre"
RT317,"Rupert Street - The Horseshoe"
RT318,"The Horseshoe - Rupert Street"
RT319,"Bond Street - Lakemead Grove"
RT320,"Bond Street - Imperial Park"
RT321,"Imperial Park - The Centre"
RT322,"Imperial Park - The Horsefair"
RT323,"Hengrove Depot - The Horsefair"
RT324,"The Horsefair - Hengrove Depot"
RT325,"Westover Road - St Katherines School"
RT326,"Longwell Green Asda - The Turnpike"
RT327,"The Rock - Keynsham Church"
RT328,"Broad Walk Shops - Brislington Square"
RT329,"Brislington Square - Broad Walk Shops"
RT330,"Mayflower Gardens - Victoria Street"
RT331,"Belgrave Road - St Katherines School"
RT332,"St Katherines School - Belgrave Road"
RT333,"Chepstow Bus Station (3) - Bus Station Bay 9"
RT334,"Bus Station Bay 9 - Chepstow Bus Station (4)"
RT335,"Mayflower Gardens - Victoria Street"
RT336,"The Link - The Horsefair"
RT337,"Mayflower Gardens - Victoria Street"
RT338,"St Katherines School - Westover Road"
RT339,"Keynsham Church - The Rock"
RT340,"The Coots - The Centre"
RT341,"Broad Walk Shops - Tesco Brislington"
RT342,"Tesco Brislington - Broad Walk Shops"
RT343,"Victoria Street - Stockway Road North"
RT344,"Sea Mills Square - St Katherines School"
RT345,"The Kings of Wessex - Temple Meads"
RT346,"Temple Meads - Black Boy Hill"
RT347,"David's Road - Bedminster Parade"
RT348,"Bedminster Parade - David's Road"
RT349,"Frenchay Campus - Old Market Street"
RT350,"Victoria Street - Stockway Road North"
RT351,"The Bulldog - John Cabot Academy"
RT352,"John Cabot Academy - The Bulldog"
RT353,"Queen's Road - Sainsburys"
RT354,"Sainsburys - Park St Top"
RT355,"Brislington Hill - Broadlands School"
RT356,"Broadlands School - Cadogan Road"
RT357,"Hengrove Depot - Lewins Mead"
RT358,"Knole Lane - The Pentagon"
RT359,"The Pentagon - Knole Lane"
RT360,"Queen's Road - The Horsefair"
RT361,"Lakemead Grove Term - The Horsefair"
RT362,"Marguerite Road - The Horsefair"
RT363,"St Katherines School - Sea Mills Square"
RT364,"Temple Meads - Sainsburys"
RT365,"Sainsburys - Temple Meads"
RT366,"Marissal Road - The Castle School"
RT367,"Marlwood School - Marissal Road"
RT368,"Old Market Street - Frenchay Campus"
RT369,"Oldfield School - Cossham Hospital"
RT370,"Cadogan Road - Broadlands School"
RT371,"Asda Oatlands Avenue - Broadlands School"
RT372,"Broadlands School - Brislington Hill"
RT373,"Marlwood School - Catbrain Lane"
RT374,"Gilda Parade - Co-op"
RT375,"Co-op - Gilda Parade"
RT376,"Broadlands School - Asda Oatlands Avenue"
RT377,"Portway P&r Site - Portway P&r Site"
RT378,"Redcliffe Way - Portway P&r Site"
RT379,"Temple Meads - Saville Road"
RT380,"Saville Road - Cantock's Close"
RT381,"Saville Road - Temple Meads"
RT382,"Bellvue Road - Ashton Park School"
RT383,"Ashton Park School - Bellvue Road"
RT384,"Marissal Road - The Castle School"
RT385,"The Castle School - Hallen Road"
RT386,"Frenchay Park Road - The Ridings School"
RT387,"The Ridings School - Frenchay Park Road"
RT388,"Bellvue Road - Ashton Park School"
RT389,"Ashton Park School - Bellvue Road"
RT390,"Bristol City Centre Ferry Landing - Prince Street Bridge Ferry Landing"
RT391,"Bristol City Centre Ferry Landing - Bristol City Centre Ferry Landing"
RT392,"Bristol City Centre Ferry Landing - Temple Meads Station Ferry Landing"
RT393,"Bristol City Centre Ferry Landing - Bristol City Centre Ferry Landing"
RT394,"Bristol City Centre Ferry Landing - ss Great Britain Ferry Landing"
RT395,"Prince Street Bridge Ferry Landing - Prince Street Bridge Ferry Landing"
RT396,"Temple Meads Station Ferry Landing - Prince Street Bridge Ferry Landing"
RT397,"Temple Meads Station Ferry Landing - Bristol City Centre Ferry Landing"
RT398,"ss Great Britain Ferry Landing - Temple Meads Station Ferry Landing"
RT399,"ss Great Britain Ferry Landing - ss Great Britain Ferry Landing"
RT400,"Waterdale Gardens - The Castle School"
RT401,"The Castle School - Waterdale Gardens"
RT402,"Long Ashton Park and Ride - Long Ashton Park and Ride"
RT403,"Redcliffe Way - Long Ashton Park and Ride"
RT404,"Maes Knoll - Chew Valley School"
RT405,"Chew Valley School - Maes Knoll"
RT406,"Airport Terminal - Bus Station"
RT407,"Bus Station - Bristol Airport Dropoff"
RT408,"Brislington P&r - Brislington P&r"
RT409,"Temple Way - Brislington P&r"
RT410,"Cantock's Close - Saville Road"
RT411,"Airport Terminal - Bus Station"
RT412,"Chepstow Bus Station (3) - Bus Station Bay 9"
RT413,"Bus Station Bay 9 - Chepstow Bus Station (4)"
RT414,"Queen's Road - Marble Arch (W1)"
RT415,"Chepstow Bus Station (5) - Bus Station"
RT416,"Bus Station - Chepstow Bus Station (5)"
RT417,"Marble Arch (W1) - Victoria Rooms"