RT1,SEQ1SEC1,1
RT2,SEQ1SEC2,1
RT3,SEQ1SEC3,1
RT4,SEQ1SEC4,1
RT5,SEQ2SEC1,1
RT6,SEQ2SEC2,1
RT6,SEQ2SEC3,2
RT7,SEQ2SEC3,1
RT8,SEQ2SEC4,1
RT9,SEQ2SEC5,1
RT10,SEQ3SEC1,1
RT11,SEQ3SEC2,1
RT12,SEQ3SEC3,1
RT13,SEQ3SEC3,1
RT13,SEQ3SEC4,2
RT14,SEQ3SEC5,1
RT14,SEQ3SEC6,2
RT15,SEQ3SEC6,1
RT16,SEQ3SEC7,1
RT17,SEQ3SEC7,1
RT17,SEQ3SEC8,2
RT18,SEQ4SEC1,1
RT18,SEQ4SEC2,2
RT19,SEQ4SEC2,1
RT20,SEQ4SEC3,1
RT21,SEQ4SEC3,1
RT21,SEQ4SEC4,2
RT22,SEQ5SEC1,1
RT23,SEQ5SEC2,1
RT24,SEQ5SEC3,1
RT24,SEQ5SEC4,2
RT25,SEQ5SEC4,1
RT26,SEQ6SEC1,1
RT27,SEQ6SEC2,1
RT27,SEQ6SEC3,2
RT28,SEQ6SEC3,1
RT29,SEQ7SEC1,1
RT30,SEQ7SEC2,1
RT31,SEQ7SEC3,1
RT32,SEQ7SEC4,1
RT33,SEQ8SEC1,1
RT33,SEQ8SEC2,2
RT34,SEQ8SEC2,1
RT35,SEQ8SEC3,1
RT36,SEQ8SEC4,1
RT36,SEQ8SEC5,2
RT37,SEQ8SEC5,1
RT38,SEQ8SEC6,1
RT39,SEQ8SEC6,1
RT39,SEQ8SEC7,2
RT40,SEQ9SEC1,1
RT41,SEQ9SEC2,1
RT42,SEQ9SEC3,1
RT43,SEQ9SEC4,1
RT44,SEQ9SEC4,1
RT44,SEQ9SEC5,2
RT45,SEQ9SEC6,1
RT46,SEQ9SEC7,1
RT47,SEQ10SEC1,1
RT48,SEQ10SEC2,1
RT49,SEQ11SEC1,1
RT50,SEQ12SEC1,1
RT50,SEQ12SEC2,2
RT51,SEQ12SEC2,1
RT51,SEQ12SEC3,2
RT52,SEQ13SEC1,1
RT53,SEQ14SEC1,1
RT54,SEQ15SEC1,1
RT55,SEQ15SEC2,1
RT56,SEQ16SEC1,1
RT56,SEQ16SEC2,2
RT57,SEQ16SEC2,1
RT58,SEQ16SEC3,1
RT59,SEQ16SEC3,1
RT59,SEQ16SEC4,2
RT60,SEQ17SEC1,1
RT61,SEQ17SEC2,1
RT62,SEQ17SEC3,1
RT62,SEQ17SEC4,2
RT63,SEQ17SEC3,1
RT63,SEQ17SEC4,2
RT63,SEQ17SEC5,3
RT64,SEQ17SEC4,1
RT65,SEQ17SEC6,1
RT65,SEQ17SEC7,2
RT66,SEQ17SEC7,1
RT67,SEQ18SEC1,1
RT67,SEQ18SEC2,2
RT68,SEQ18SEC2,1
RT69,SEQ19SEC1,1
RT70,SEQ20SEC1,1
RT71,SEQ20SEC2,1
RT72,SEQ20SEC3,1
RT72,SEQ20SEC4,2
RT73,SEQ20SEC4,1
RT74,SEQ20SEC5,1
RT74,SEQ20SEC6,2
RT75,SEQ20SEC5,1
RT75,SEQ20SEC6,2
RT75,SEQ20SEC7,3
RT76,SEQ20SEC5,1
RT76,SEQ20SEC6,2
RT76,SEQ20SEC7,3
RT76,SEQ20SEC8,4
RT77,SEQ20SEC6,1
RT77,SEQ20SEC7,2
RT77,SEQ20SEC8,3
RT78,SEQ20SEC9,1
RT78,SEQ20SEC10,2
RT79,SEQ20SEC10,1
RT79,SEQ20SEC11,2
RT80,SEQ21SEC1,1
RT81,SEQ21SEC1,1
RT81,SEQ21SEC2,2
RT82,SEQ22SEC1,1
RT83,SEQ23SEC1,1
RT84,SEQ24SEC1,1
RT85,SEQ25SEC1,1
RT86,SEQ26SEC1,1
RT87,SEQ26SEC1,1
RT87,SEQ26SEC2,2
RT87,SEQ26SEC3,3
RT88,SEQ26SEC2,1
RT88,SEQ26SEC3,2
RT89,SEQ26SEC3,1
RT90,SEQ26SEC4,1
RT91,SEQ27SEC1,1
RT92,SEQ27SEC2,1
RT93,SEQ28SEC1,1
RT94,SEQ28SEC2,1
RT95,SEQ29SEC1,1
RT96,SEQ29SEC1,1
RT96,SEQ29SEC2,2
RT97,SEQ30SEC1,1
RT97,SEQ30SEC2,2
RT98,SEQ30SEC2,1
RT99,SEQ30SEC3,1
RT100,SEQ30SEC3,1
RT100,SEQ30SEC4,2
RT101,SEQ30SEC5,1
RT102,SEQ30SEC6,1
RT103,SEQ30SEC7,1
RT104,SEQ30SEC8,1
RT105,SEQ30SEC9,1
RT106,SEQ31SEC1,1
RT107,SEQ32SEC1,1
RT108,SEQ33SEC1,1
RT109,SEQ34SEC1,1
RT110,SEQ34SEC2,1
RT111,SEQ35SEC1,1
RT111,SEQ35SEC2,2
RT112,SEQ35SEC2,1
RT113,SEQ35SEC3,1
RT114,SEQ36SEC1,1
RT115,SEQ36SEC2,1
RT116,SEQ37SEC1,1
RT117,SEQ38SEC1,1
RT118,SEQ38SEC2,1
RT119,SEQ39SEC1,1
RT120,SEQ39SEC2,1
RT121,SEQ39SEC3,1
RT122,SEQ39SEC4,1
RT123,SEQ39SEC4,1
RT123,SEQ39SEC5,2
RT124,SEQ39SEC6,1
RT125,SEQ39SEC7,1
RT126,SEQ40SEC1,1
RT127,SEQ40SEC2,1
RT128,SEQ41SEC1,1
RT129,SEQ41SEC2,1
RT130,SEQ42SEC1,1
RT131,SEQ42SEC2,1
RT132,SEQ43SEC1,1
RT132,SEQ43SEC2,2
RT133,SEQ43SEC2,1
RT134,SEQ44SEC1,1
RT135,SEQ44SEC1,1
RT135,SEQ44SEC2,2
RT136,SEQ45SEC1,1
RT137,SEQ46SEC1,1
RT138,SEQ46SEC2,1
RT139,SEQ46SEC3,1
RT140,SEQ47SEC1,1
RT141,SEQ48SEC1,1
RT142,SEQ48SEC2,1
RT143,SEQ48SEC3,1
RT144,SEQ48SEC4,1
RT145,SEQ49SEC1,1
RT145,SEQ49SEC2,2
RT146,SEQ49SEC2,1
RT147,SEQ50SEC1,1
RT148,SEQ50SEC2,1
RT149,SEQ51SEC1,1
RT150,SEQ51SEC2,1
RT151,SEQ51SEC3,1
RT151,SEQ51SEC4,2
RT152,SEQ51SEC4,1
RT153,SEQ52SEC1,1
RT154,SEQ52SEC1,1
RT154,SEQ52SEC2,2
RT155,SEQ52SEC3,1
RT156,SEQ52SEC4,1
RT157,SEQ53SEC1,1
RT158,SEQ53SEC1,1
RT158,SEQ53SEC2,2
RT159,SEQ54SEC1,1
RT160,SEQ54SEC2,1
RT161,SEQ54SEC3,1
RT162,SEQ54SEC4,1
RT163,SEQ55SEC1,1
RT164,SEQ56SEC1,1
RT165,SEQ56SEC2,1
RT166,SEQ57SEC1,1
RT167,SEQ57SEC2,1
RT168,SEQ58SEC1,1
RT169,SEQ58SEC2,1
RT170,SEQ58SEC3,1
RT171,SEQ59SEC1,1
RT172,SEQ60SEC1,1
RT173,SEQ61SEC1,1
RT174,SEQ61SEC2,1
RT175,SEQ62SEC1,1
RT176,SEQ62SEC2,1
RT177,SEQ62SEC3,1
RT178,SEQ63SEC1,1
RT179,SEQ63SEC1,1
RT179,SEQ63SEC2,2
RT180,SEQ63SEC3,1
RT180,SEQ63SEC4,2
RT181,SEQ63SEC4,1
RT182,SEQ63SEC5,1
RT183,SEQ64SEC1,1
RT183,SEQ64SEC2,2
RT184,SEQ64SEC2,1
RT185,SEQ64SEC3,1
RT186,SEQ64SEC3,1
RT186,SEQ64SEC4,2
RT187,SEQ65SEC1,1
RT188,SEQ65SEC2,1
RT189,SEQ65SEC3,1
RT190,SEQ65SEC4,1
RT191,SEQ65SEC5,1
RT192,SEQ65SEC6,1
RT193,SEQ65SEC7,1
RT194,SEQ65SEC8,1
RT195,SEQ65SEC9,1
RT196,SEQ65SEC10,1
RT197,SEQ65SEC11,1
RT198,SEQ66SEC1,1
RT199,SEQ66SEC2,1
RT200,SEQ66SEC3,1
RT201,SEQ66SEC4,1
RT202,SEQ67SEC1,1
RT203,SEQ67SEC2,1
RT204,SEQ67SEC3,1
RT205,SEQ67SEC4,1
RT206,SEQ68SEC1,1
RT207,SEQ68SEC2,1
RT208,SEQ68SEC3,1
RT209,SEQ68SEC4,1
RT210,SEQ68SEC5,1
RT211,SEQ68SEC6,1
RT212,SEQ69SEC1,1
RT213,SEQ69SEC2,1
RT214,SEQ70SEC1,1
RT215,SEQ70SEC2,1
RT216,SEQ71SEC1,1
RT217,SEQ72SEC1,1
RT218,SEQ73SEC1,1
RT219,SEQ73SEC2,1
RT220,SEQ74SEC1,1
RT221,SEQ74SEC2,1
RT222,SEQ75SEC1,1
RT223,SEQ75SEC2,1
RT224,SEQ76SEC1,1
RT225,SEQ76SEC2,1
RT226,SEQ76SEC3,1
RT227,SEQ76SEC4,1
RT228,SEQ77SEC1,1
RT229,SEQ77SEC2,1
RT230,SEQ77SEC3,1
RT231,SEQ78SEC1,1
RT232,SEQ78SEC2,1
RT233,SEQ78SEC3,1
RT234,SEQ79SEC1,1
RT235,SEQ79SEC2,1
RT236,SEQ80SEC1,1
RT237,SEQ81SEC1,1
RT238,SEQ81SEC2,1
RT239,SEQ82SEC1,1
RT240,SEQ82SEC2,1
RT241,SEQ83SEC1,1
RT242,SEQ84SEC1,1
RT243,SEQ84SEC2,1
RT243,SEQ84SEC3,2
RT244,SEQ84SEC3,1
RT245,SEQ84SEC4,1
RT246,SEQ84SEC5,1
RT246,SEQ84SEC6,2
RT247,SEQ84SEC6,1
RT248,SEQ85SEC1,1
RT249,SEQ85SEC2,1
RT250,SEQ85SEC3,1
RT251,SEQ86SEC1,1
RT252,SEQ87SEC1,1
RT253,SEQ87SEC2,1
RT254,SEQ87SEC3,1
RT255,SEQ88SEC1,1
RT256,SEQ88SEC2,1
RT257,SEQ89SEC1,1
RT258,SEQ89SEC2,1
RT259,SEQ90SEC1,1
RT260,SEQ90SEC2,1
RT261,SEQ91SEC1,1
RT262,SEQ91SEC2,1
RT263,SEQ92SEC1,1
RT264,SEQ92SEC2,1
RT265,SEQ93SEC1,1
RT266,SEQ93SEC2,1
RT267,SEQ94SEC1,1
RT268,SEQ94SEC2,1
RT269,SEQ94SEC3,1
RT270,SEQ94SEC4,1
RT271,SEQ94SEC5,1
RT272,SEQ94SEC6,1
RT273,SEQ95SEC1,1
RT274,SEQ95SEC2,1
RT275,SEQ96SEC1,1
RT276,SEQ97SEC1,1
RT277,SEQ98SEC1,1
RT278,SEQ99SEC1,1
RT279,SEQ99SEC2,1
RT280,SEQ100SEC1,1
RT281,SEQ101SEC1,1
RT281,SEQ101SEC2,2
RT282,SEQ101SEC1,1
RT282,SEQ101SEC2,2
RT282,SEQ101SEC3,3
RT283,SEQ101SEC2,1
RT283,SEQ101SEC3,2
RT284,SEQ101SEC4,1
RT284,SEQ101SEC5,2
RT285,SEQ101SEC4,1
RT285,SEQ101SEC5,2
RT285,SEQ101SEC6,3
RT286,SEQ101SEC5,1
RT286,SEQ101SEC6,2
RT287,SEQ101SEC7,1
RT288,SEQ102SEC1,1
RT289,SEQ102SEC2,1
RT290,SEQ102SEC3,1
RT291,SEQ102SEC4,1
RT292,SEQ103SEC1,1
RT293,SEQ103SEC2,1
RT294,SEQ104SEC1,1
RT295,SEQ105SEC1,1
RT296,SEQ105SEC2,1
RT297,SEQ105SEC3,1
RT298,SEQ105SEC4,1
RT299,SEQ106SEC1,1
RT300,SEQ106SEC2,1
RT301,SEQ106SEC3,1
RT302,SEQ106SEC4,1
RT303,SEQ107SEC1,1
RT304,SEQ107SEC2,1
RT305,SEQ108SEC1,1
RT306,SEQ108SEC2,1
RT307,SEQ109SEC1,1
RT308,SEQ109SEC2,1
RT309,SEQ110SEC1,1
RT310,SEQ111SEC1,1
RT311,SEQ111SEC2,1
RT312,SEQ112SEC1,1
RT312,SEQ112SEC2,2
RT313,SEQ112SEC2,1
RT314,SEQ112SEC3,1
RT315,SEQ113SEC1,1
RT316,SEQ113SEC2,1
RT317,SEQ114SEC1,1
RT318,SEQ114SEC2,1
RT319,SEQ115SEC1,1
RT320,SEQ115SEC1,1
RT320,SEQ115SEC2,2
RT321,SEQ115SEC3,1
RT322,SEQ115SEC3,1
RT322,SEQ115SEC4,2
RT323,SEQ116SEC1,1
RT324,SEQ116SEC2,1
RT325,SEQ117SEC1,1
RT326,SEQ118SEC1,1
RT327,SEQ119SEC1,1
RT328,SEQ120SEC1,1
RT329,SEQ120SEC2,1
RT330,SEQ121SEC1,1
RT331,SEQ122SEC1,1
RT332,SEQ123SEC1,1
RT333,SEQ124SEC1,1
RT334,SEQ124SEC2,1
RT335,SEQ125SEC1,1
RT335,SEQ125SEC2,2
RT335,SEQ125SEC3,3
RT336,SEQ125SEC2,1
RT337,SEQ126SEC1,1
RT338,SEQ127SEC1,1
RT339,SEQ128SEC1,1
RT340,SEQ129SEC1,1
RT341,SEQ130SEC1,1
RT342,SEQ130SEC2,1
RT343,SEQ131SEC1,1
RT344,SEQ132SEC1,1
RT345,SEQ133SEC1,1
RT346,SEQ133SEC2,1
RT347,SEQ134SEC1,1
RT348,SEQ134SEC2,1
RT349,SEQ135SEC1,1
RT350,SEQ136SEC1,1
RT351,SEQ137SEC1,1
RT352,SEQ137SEC2,1
RT353,SEQ138SEC1,1
RT354,SEQ138SEC2,1
RT355,SEQ139SEC1,1
RT356,SEQ139SEC2,1
RT357,SEQ140SEC1,1
RT358,SEQ141SEC1,1
RT359,SEQ141SEC2,1
RT360,SEQ142SEC1,1
RT360,SEQ142SEC2,2
RT360,SEQ142SEC3,3
RT361,SEQ142SEC2,1
RT361,SEQ142SEC3,2
RT362,SEQ142SEC3,1
RT363,SEQ143SEC1,1
RT364,SEQ144SEC1,1
RT365,SEQ144SEC2,1
RT366,SEQ145SEC1,1
RT367,SEQ146SEC1,1
RT368,SEQ147SEC1,1
RT369,SEQ148SEC1,1
RT370,SEQ149SEC1,1
RT370,SEQ149SEC2,2
RT371,SEQ149SEC2,1
RT372,SEQ149SEC3,1
RT373,SEQ150SEC1,1
RT374,SEQ151SEC1,1
RT375,SEQ151SEC2,1
RT376,SEQ152SEC1,1
RT377,SEQ153SEC1,1
RT377,SEQ153SEC2,2
RT378,SEQ153SEC2,1
RT379,SEQ154SEC1,1
RT380,SEQ154SEC2,1
RT381,SEQ154SEC2,1
RT381,SEQ154SEC3,2
RT382,SEQ155SEC1,1
RT383,SEQ155SEC2,1
RT384,SEQ156SEC1,1
RT385,SEQ156SEC2,1
RT386,SEQ157SEC1,1
RT387,SEQ157SEC2,1
RT388,SEQ158SEC1,1
RT389,SEQ158SEC2,1
RT390,SEQ159SEC1,1
RT391,SEQ159SEC1,1
RT391,SEQ159SEC2,2
RT392,SEQ159SEC3,1
RT392,SEQ159SEC4,2
RT393,SEQ159SEC3,1
RT393,SEQ159SEC4,2
RT393,SEQ159SEC5,3
RT393,SEQ159SEC6,4
RT394,SEQ159SEC3,1
RT394,SEQ159SEC4,2
RT394,SEQ159SEC5,3
RT394,SEQ159SEC6,4
RT394,SEQ159SEC7,5
RT395,SEQ159SEC4,1
RT395,SEQ159SEC5,2
RT396,SEQ159SEC5,1
RT397,SEQ159SEC5,1
RT397,SEQ159SEC6,2
RT398,SEQ159SEC8,1
RT399,SEQ159SEC8,1
RT399,SEQ159SEC9,2
RT400,SEQ160SEC1,1
RT401,SEQ160SEC2,1
RT402,SEQ161SEC1,1
RT402,SEQ161SEC2,2
RT403,SEQ161SEC2,1
RT404,SEQ162SEC1,1
RT405,SEQ163SEC1,1
RT406,SEQ164SEC1,1
RT407,SEQ164SEC2,1
RT408,SEQ165SEC1,1
RT408,SEQ165SEC2,2
RT409,SEQ165SEC2,1
RT410,SEQ166SEC1,1
RT411,SEQ167SEC1,1
RT412,SEQ168SEC1,1
RT413,SEQ168SEC2,1
RT414,SEQ169SEC1,1
RT415,SEQ170SEC1,1
RT416,SEQ170SEC2,1
RT417,SEQ171SEC1,1